{
  "project_info": {
    "project_number": "690289232872",
    "project_id": "mindease-673c3",
    "storage_bucket": "mindease-673c3.firebasestorage.app"
  },
  "client": [
    {
      "client_info": {
        "mobilesdk_app_id": "1:690289232872:android:2905a209b6cc12c408325d",
        "android_client_info": {
          "package_name": "com.example.kelompokmindease_3tia"
        }
      },
      "oauth_client": [],
      "api_key": [
        {
          "current_key": "AIzaSyApVx4KVM0d8hs-UtiN2qLB5yR5afEDNY0"
        }
      ],
      "services": {
        "appinvite_service": {
          "other_platform_oauth_client": []
        }
      }
    }
  ],
  "configuration_version": "1"
}