{
  "project_info": {
    "project_number": "675276230793",
    "project_id": "kelompokmindease",
    "storage_bucket": "kelompokmindease.firebasestorage.app"
  },
  "client": [
    {
      "client_info": {
        "mobilesdk_app_id": "1:675276230793:android:99893587edcf188bdaf658",
        "android_client_info": {
          "package_name": "com.example.kelompokmindease_3tia"
        }
      },
      "oauth_client": [],
      "api_key": [
        {
          "current_key": "AIzaSyAppGXDTwnxGoLcDxBgiNzP3mncQidLmGI"
        }
      ],
      "services": {
        "appinvite_service": {
          "other_platform_oauth_client": []
        }
      }
    }
  ],
  "configuration_version": "1"
}